Workbook

Sheet Test Set
A1: ID | B1: Sentence | C1: Label (ground truth) | D1: Category | E1: Target word | F1: Sense A | G1: Sense B | H1: Twin of | I1: Second labeler (blank until independent label) | J1: Pipeline says (fill after run) | K1: Outcome | L1: Notes
A2: P01 | B2: I used to be a banker, but I lost interest. | C2: Pun | D2: Homographic pun | E2: interest | F2: money earned | G2: curiosity | K2: =IF(J2="","",IF(AND(C2="Pun",J2="Pun"),"TP",IF(AND(C2="Non-pun",J2="Pun"),"FP",IF(AND(C2="Pun",J2="Non-pun"),"FN","TN")))) | L2: Video example that works.
A3: P02 | B3: Every play in the theater needs a good cast. | C3: Pun | D3: Homographic pun | E3: cast | F3: actors | G3: plaster cast | K3: =IF(J3="","",IF(AND(C3="Pun",J3="Pun"),"TP",IF(AND(C3="Non-pun",J3="Pun"),"FP",IF(AND(C3="Pun",J3="Non-pun"),"FN","TN")))) | L3: Example used in Milestone 3.
A4: P03 | B4: I wouldn't buy anything with velcro; it's a rip-off. | C4: Pun | D4: Homographic pun | E4: rip-off | F4: tearing apart | G4: swindle | K4: =IF(J4="","",IF(AND(C4="Pun",J4="Pun"),"TP",IF(AND(C4="Non-pun",J4="Pun"),"FP",IF(AND(C4="Pun",J4="Non-pun"),"FN","TN"))))
A5: P04 | B5: The scarecrow won an award because he was outstanding in his field. | C5: Pun | D5: Homographic pun | E5: field | F5: farm field | G5: area of work | K5: =IF(J5="","",IF(AND(C5="Pun",J5="Pun"),"TP",IF(AND(C5="Non-pun",J5="Pun"),"FP",IF(AND(C5="Pun",J5="Non-pun"),"FN","TN"))))
A6: P05 | B6: I couldn't figure out how the seat belt worked, and then it clicked. | C6: Pun | D6: Homographic pun | E6: clicked | F6: made a click sound | G6: became clear | K6: =IF(J6="","",IF(AND(C6="Pun",J6="Pun"),"TP",IF(AND(C6="Non-pun",J6="Pun"),"FP",IF(AND(C6="Pun",J6="Non-pun"),"FN","TN"))))
A7: P06 | B7: The math book was sad because it had too many problems. | C7: Pun | D7: Homographic pun | E7: problems | F7: math exercises | G7: troubles | K7: =IF(J7="","",IF(AND(C7="Pun",J7="Pun"),"TP",IF(AND(C7="Non-pun",J7="Pun"),"FP",IF(AND(C7="Pun",J7="Non-pun"),"FN","TN"))))
A8: P07 | B8: The bank teller kept losing his balance at work. | C8: Pun | D8: Homographic pun | E8: balance | F8: account balance | G8: physical equilibrium | K8: =IF(J8="","",IF(AND(C8="Pun",J8="Pun"),"TP",IF(AND(C8="Non-pun",J8="Pun"),"FP",IF(AND(C8="Pun",J8="Non-pun"),"FN","TN")))) | L8: Check that BERT separates the two senses.
A9: P08 | B9: I stayed up all night wondering where the sun went, and then it dawned on me. | C9: Pun | D9: Homographic pun | E9: dawned | F9: daybreak came | G9: realized | K9: =IF(J9="","",IF(AND(C9="Pun",J9="Pun"),"TP",IF(AND(C9="Non-pun",J9="Pun"),"FP",IF(AND(C9="Pun",J9="Non-pun"),"FN","TN"))))
A10: P09 | B10: The tailor was always successful because he knew how to suit everyone. | C10: Pun | D10: Homographic pun | E10: suit | F10: dress | G10: satisfy | K10: =IF(J10="","",IF(AND(C10="Pun",J10="Pun"),"TP",IF(AND(C10="Non-pun",J10="Pun"),"FP",IF(AND(C10="Pun",J10="Non-pun"),"FN","TN"))))
A11: P10 | B11: The gardener got promoted because his work really branched out. | C11: Pun | D11: Homographic pun | E11: branched out | F11: grew branches | G11: expanded | K11: =IF(J11="","",IF(AND(C11="Pun",J11="Pun"),"TP",IF(AND(C11="Non-pun",J11="Pun"),"FP",IF(AND(C11="Pun",J11="Non-pun"),"FN","TN"))))
A12: P11 | B12: The astronomer's party was a bust; there was no space. | C12: Pun | D12: Homographic pun | E12: space | F12: outer space | G12: room | K12: =IF(J12="","",IF(AND(C12="Pun",J12="Pun"),"TP",IF(AND(C12="Non-pun",J12="Pun"),"FP",IF(AND(C12="Pun",J12="Non-pun"),"FN","TN"))))
A13: P12 | B13: The golfer wore two pairs of pants in case he got a hole in one. | C13: Pun | D13: Homographic pun | E13: hole in one | F13: golf shot | G13: hole in the pants | K13: =IF(J13="","",IF(AND(C13="Pun",J13="Pun"),"TP",IF(AND(C13="Non-pun",J13="Pun"),"FP",IF(AND(C13="Pun",J13="Non-pun"),"FN","TN")))) | L13: Phrase-level pun; may be hard for a word-level pipeline.
A14: P13 | B14: The chicken crossed the road to get to the coop. | C14: Pun | D14: Heterographic pun (expected miss) | E14: coop | F14: chicken house | G14: coupe (car) | K14: =IF(J14="","",IF(AND(C14="Pun",J14="Pun"),"TP",IF(AND(C14="Non-pun",J14="Pun"),"FP",IF(AND(C14="Pun",J14="Non-pun"),"FN","TN")))) | L14: Video example that fails: sounds like "coupe" but spelled differently.
A15: P14 | B15: I used to be a shoe recycler, but it was sole destroying. | C15: Pun | D15: Heterographic pun (expected miss) | E15: sole | F15: bottom of a shoe | G15: soul | K15: =IF(J15="","",IF(AND(C15="Pun",J15="Pun"),"TP",IF(AND(C15="Non-pun",J15="Pun"),"FP",IF(AND(C15="Pun",J15="Non-pun"),"FN","TN")))) | L15: Sounds like "soul-destroying".
A16: P15 | B16: The bicycle fell over because it was two tired. | C16: Pun | D16: Heterographic pun (expected miss) | E16: two tired | F16: two + tired | G16: too tired | K16: =IF(J16="","",IF(AND(C16="Pun",J16="Pun"),"TP",IF(AND(C16="Non-pun",J16="Pun"),"FP",IF(AND(C16="Pun",J16="Non-pun"),"FN","TN"))))
A17: N01 | B17: I used to be a banker, but I lost my keys. | C17: Non-pun | D17: De-punned twin | H17: P01 | K17: =IF(J17="","",IF(AND(C17="Pun",J17="Pun"),"TP",IF(AND(C17="Non-pun",J17="Pun"),"FP",IF(AND(C17="Pun",J17="Non-pun"),"FN","TN")))) | L17: Second reading removed.
A18: N02 | B18: Every play in the theater needs a good director. | C18: Non-pun | D18: De-punned twin | H18: P02 | K18: =IF(J18="","",IF(AND(C18="Pun",J18="Pun"),"TP",IF(AND(C18="Non-pun",J18="Pun"),"FP",IF(AND(C18="Pun",J18="Non-pun"),"FN","TN"))))
A19: N03 | B19: I wouldn't buy anything with velcro; it wears out quickly. | C19: Non-pun | D19: De-punned twin | H19: P03 | K19: =IF(J19="","",IF(AND(C19="Pun",J19="Pun"),"TP",IF(AND(C19="Non-pun",J19="Pun"),"FP",IF(AND(C19="Pun",J19="Non-pun"),"FN","TN"))))
A20: N04 | B20: The scarecrow won an award because he was standing in the middle of the field. | C20: Non-pun | D20: De-punned twin | H20: P04 | K20: =IF(J20="","",IF(AND(C20="Pun",J20="Pun"),"TP",IF(AND(C20="Non-pun",J20="Pun"),"FP",IF(AND(C20="Pun",J20="Non-pun"),"FN","TN")))) | L20: "Field" has only one supported sense.
A21: N05 | B21: I couldn't figure out how the seat belt worked, so I read the manual. | C21: Non-pun | D21: De-punned twin | H21: P05 | K21: =IF(J21="","",IF(AND(C21="Pun",J21="Pun"),"TP",IF(AND(C21="Non-pun",J21="Pun"),"FP",IF(AND(C21="Pun",J21="Non-pun"),"FN","TN"))))
A22: N06 | B22: I stayed up all night wondering where the sun went, and then morning came. | C22: Non-pun | D22: De-punned twin | H22: P08 | K22: =IF(J22="","",IF(AND(C22="Pun",J22="Pun"),"TP",IF(AND(C22="Non-pun",J22="Pun"),"FP",IF(AND(C22="Pun",J22="Non-pun"),"FN","TN"))))
A23: N07 | B23: The tailor was always successful because he knew how to sew every kind of suit. | C23: Non-pun | D23: De-punned twin | H23: P09 | K23: =IF(J23="","",IF(AND(C23="Pun",J23="Pun"),"TP",IF(AND(C23="Non-pun",J23="Pun"),"FP",IF(AND(C23="Pun",J23="Non-pun"),"FN","TN")))) | L23: "Suit" has only one supported sense.
A24: N08 | B24: The gardener got promoted because his work really impressed the manager. | C24: Non-pun | D24: De-punned twin | H24: P10 | K24: =IF(J24="","",IF(AND(C24="Pun",J24="Pun"),"TP",IF(AND(C24="Non-pun",J24="Pun"),"FP",IF(AND(C24="Pun",J24="Non-pun"),"FN","TN"))))
A25: N09 | B25: The chicken crossed the road to get to the farm. | C25: Non-pun | D25: De-punned twin | H25: P13 | K25: =IF(J25="","",IF(AND(C25="Pun",J25="Pun"),"TP",IF(AND(C25="Non-pun",J25="Pun"),"FP",IF(AND(C25="Pun",J25="Non-pun"),"FN","TN"))))
A26: N10 | B26: I went to the bank. | C26: Non-pun | D26: Ambiguous, not funny | E26: bank | F26: money | G26: river edge | K26: =IF(J26="","",IF(AND(C26="Pun",J26="Pun"),"TP",IF(AND(C26="Non-pun",J26="Pun"),"FP",IF(AND(C26="Pun",J26="Non-pun"),"FN","TN")))) | L26: Kao et al. example: ambiguous but not a pun.
A27: N11 | B27: He walked along the bank after lunch. | C27: Non-pun | D27: Ambiguous, not funny | E27: bank | F27: river edge | G27: money | K27: =IF(J27="","",IF(AND(C27="Pun",J27="Pun"),"TP",IF(AND(C27="Non-pun",J27="Pun"),"FP",IF(AND(C27="Pun",J27="Non-pun"),"FN","TN")))) | L27: Only one sense supported by context.
A28: N12 | B28: The bat flew out of the cave at dusk. | C28: Non-pun | D28: Ambiguous, not funny | E28: bat | F28: animal | G28: sports equipment | K28: =IF(J28="","",IF(AND(C28="Pun",J28="Pun"),"TP",IF(AND(C28="Non-pun",J28="Pun"),"FP",IF(AND(C28="Pun",J28="Non-pun"),"FN","TN")))) | L28: Only one sense supported by context.
A29: N13 | B29: The committee will meet on Thursday to review the budget. | C29: Non-pun | D29: Plain sentence | K29: =IF(J29="","",IF(AND(C29="Pun",J29="Pun"),"TP",IF(AND(C29="Non-pun",J29="Pun"),"FP",IF(AND(C29="Pun",J29="Non-pun"),"FN","TN"))))
A30: N14 | B30: Please send the report before the end of the day. | C30: Non-pun | D30: Plain sentence | K30: =IF(J30="","",IF(AND(C30="Pun",J30="Pun"),"TP",IF(AND(C30="Non-pun",J30="Pun"),"FP",IF(AND(C30="Pun",J30="Non-pun"),"FN","TN"))))
A31: N15 | B31: The train to Orlando leaves at nine. | C31: Non-pun | D31: Plain sentence | K31: =IF(J31="","",IF(AND(C31="Pun",J31="Pun"),"TP",IF(AND(C31="Non-pun",J31="Pun"),"FP",IF(AND(C31="Pun",J31="Non-pun"),"FN","TN"))))
A32: P16 | B32: I don't enjoy computer puns one bit. | C32: Pun | D32: Homographic pun | E32: bit | F32: binary digit | G32: the smallest amount (not at all) | K32: =IF(J32="","",IF(AND(C32="Pun",J32="Pun"),"TP",IF(AND(C32="Non-pun",J32="Pun"),"FP",IF(AND(C32="Pun",J32="Non-pun"),"FN","TN")))) | L32: Added Oct 16. Stages 1-2 call it a pun for the wrong reason: they pick 'computer', not 'bit', and also flag its twin N16.
A33: N16 | B33: I don't enjoy computer puns at all. | C33: Non-pun | D33: De-punned twin | H33: P16 | K33: =IF(J33="","",IF(AND(C33="Pun",J33="Pun"),"TP",IF(AND(C33="Non-pun",J33="Pun"),"FP",IF(AND(C33="Pun",J33="Non-pun"),"FN","TN")))) | L33: Second reading removed ('one bit' becomes 'at all').

Sheet Summary
A1: Pun detection results (fill the yellow cells on the Test Set tab)
A3: True positives (puns caught) | B3: =COUNTIF('Test Set'!K2:K33,"TP")
A4: False positives (non-puns flagged as puns) | B4: =COUNTIF('Test Set'!K2:K33,"FP")
A5: False negatives (puns missed) | B5: =COUNTIF('Test Set'!K2:K33,"FN")
A6: True negatives (non-puns correctly rejected) | B6: =COUNTIF('Test Set'!K2:K33,"TN")
A8: Precision | B8: =IF(B3+B4=0,"n/a",B3/(B3+B4))
A9: Recall | B9: =IF(B3+B5=0,"n/a",B3/(B3+B5))
A10: F1 | B10: =IF(OR(B8="n/a",B9="n/a"),"n/a",IF(B8+B9=0,0,2*B8*B9/(B8+B9)))
A11: Items run so far | B11: =SUM(B3:B6)
A13: Homographic puns only: recall | B13: =IFERROR(COUNTIFS('Test Set'!D2:D33,"Homographic pun",'Test Set'!K2:K33,"TP")/COUNTIFS('Test Set'!D2:D33,"Homographic pun",'Test Set'!J2:J33,"<>"),"n/a")
A14: Heterographic puns only: recall (expected low) | B14: =IFERROR(COUNTIFS('Test Set'!D2:D33,"Heterographic*",'Test Set'!K2:K33,"TP")/COUNTIFS('Test Set'!D2:D33,"Heterographic*",'Test Set'!J2:J33,"<>"),"n/a")
A16: Labeler agreement (second labeler vs ground truth) | B16: =IFERROR(SUMPRODUCT(('Test Set'!I2:I33<>"")*('Test Set'!I2:I33='Test Set'!C2:C33))/COUNTA('Test Set'!I2:I33),"n/a")
A18: How to use
A19: 1. Ask a teammate to fill column I (Second labeler) without looking at column C. Where they disagree, discuss and fix the label before running the pipeline.
A20: 2. Run each sentence through the pipeline and enter Pun or Non-pun in column J. Column K then scores itself.
A21: 3. Counts are small (16 + 16), so one error moves a rate by about 6 points. Report the raw counts alongside the percentages.
A22: 4. P13 to P15 are heterographic and are expected to be missed; that is the known limitation, not a bug.
A23: 5. All sentences, senses and labels are a first draft by the team and should be reviewed. Twin sentences are rewritten so only one sense is supported.

Sheet Dialog Questions
A1: QID | B1: Pun ID | C1: Question to the chatbot | D1: Rater 1 Accuracy (0-5) | E1: Rater 1 Completeness (0-5) | F1: Rater 2 Accuracy (0-5) | G1: Rater 2 Completeness (0-5) | H1: Avg Accuracy | I1: Avg Completeness | J1: Good? (both avg >= 4) | K1: What a complete answer covers
A2: Q01 | B2: P01 | C2: Why is it a joke or a pun? | H2: =IF(COUNT(D2,F2)=0,"",AVERAGE(D2,F2)) | I2: =IF(COUNT(E2,G2)=0,"",AVERAGE(E2,G2)) | J2: =IF(OR(H2="",I2=""),"",IF(AND(H2>=4,I2>=4),"Good","Poor")) | K2: Both senses of "interest" (money earned, curiosity), and that "banker" and "lost" each trigger a different one.
A3: Q02 | B3: P01 | C3: What are the two meanings of "interest" here? | H3: =IF(COUNT(D3,F3)=0,"",AVERAGE(D3,F3)) | I3: =IF(COUNT(E3,G3)=0,"",AVERAGE(E3,G3)) | J3: =IF(OR(H3="",I3=""),"",IF(AND(H3>=4,I3>=4),"Good","Poor")) | K3: Financial sense and attention sense, tied to the sentence.
A4: Q03 | B4: P01 | C4: Which words in the sentence point to each meaning? | H4: =IF(COUNT(D4,F4)=0,"",AVERAGE(D4,F4)) | I4: =IF(COUNT(E4,G4)=0,"",AVERAGE(E4,G4)) | J4: =IF(OR(H4="",I4=""),"",IF(AND(H4>=4,I4>=4),"Good","Poor")) | K4: "banker" for money; "lost" with "interest" for curiosity.
A5: Q04 | B5: P01 | C5: Explain this joke like I am ten years old. | H5: =IF(COUNT(D5,F5)=0,"",AVERAGE(D5,F5)) | I5: =IF(COUNT(E5,G5)=0,"",AVERAGE(E5,G5)) | J5: =IF(OR(H5="",I5=""),"",IF(AND(H5>=4,I5>=4),"Good","Poor")) | K5: Plain-language version that still names both meanings.
A6: Q05 | B6: P01 | C6: Would the joke still work if "interest" were replaced with "enthusiasm"? | H6: =IF(COUNT(D6,F6)=0,"",AVERAGE(D6,F6)) | I6: =IF(COUNT(E6,G6)=0,"",AVERAGE(E6,G6)) | J6: =IF(OR(H6="",I6=""),"",IF(AND(H6>=4,I6>=4),"Good","Poor")) | K6: No: the financial reading disappears, so only one sense remains.
A7: Q06 | B7: P02 | C7: Is this a pun, and what is the wordplay? | H7: =IF(COUNT(D7,F7)=0,"",AVERAGE(D7,F7)) | I7: =IF(COUNT(E7,G7)=0,"",AVERAGE(E7,G7)) | J7: =IF(OR(H7="",I7=""),"",IF(AND(H7>=4,I7>=4),"Good","Poor")) | K7: Yes; "cast" as the actors versus a plaster cast.
A8: Q07 | B8: P13 | C8: Why is it a joke or a pun? | H8: =IF(COUNT(D8,F8)=0,"",AVERAGE(D8,F8)) | I8: =IF(COUNT(E8,G8)=0,"",AVERAGE(E8,G8)) | J8: =IF(OR(H8="",I8=""),"",IF(AND(H8>=4,I8>=4),"Good","Poor")) | K8: "Coop" sounds like "coupe", a car; the pun depends on sound, not spelling. Watch for a made-up explanation.
A9: Q08 | B9: P13 | C9: What are the senses of "coop"? | H9: =IF(COUNT(D9,F9)=0,"",AVERAGE(D9,F9)) | I9: =IF(COUNT(E9,G9)=0,"",AVERAGE(E9,G9)) | J9: =IF(OR(H9="",I9=""),"",IF(AND(H9>=4,I9>=4),"Good","Poor")) | K9: Chicken house; plus the sound-alike "coupe". Pipeline cannot supply the second.
A10: Q09 | B10: N10 | C10: Is "I went to the bank." a pun? | H10: =IF(COUNT(D10,F10)=0,"",AVERAGE(D10,F10)) | I10: =IF(COUNT(E10,G10)=0,"",AVERAGE(E10,G10)) | J10: =IF(OR(H10="",I10=""),"",IF(AND(H10>=4,I10>=4),"Good","Poor")) | K10: No: ambiguous, but nothing in the sentence supports a second meaning.
A11: Q10 | B11: N01 | C11: Is "I used to be a banker, but I lost my keys." a pun? | H11: =IF(COUNT(D11,F11)=0,"",AVERAGE(D11,F11)) | I11: =IF(COUNT(E11,G11)=0,"",AVERAGE(E11,G11)) | J11: =IF(OR(H11="",I11=""),"",IF(AND(H11>=4,I11>=4),"Good","Poor")) | K11: No: second reading removed; explains why it is not funny.
A12: Q11 | B12: P13 | C12: Is this a homographic or heterographic pun? | H12: =IF(COUNT(D12,F12)=0,"",AVERAGE(D12,F12)) | I12: =IF(COUNT(E12,G12)=0,"",AVERAGE(E12,G12)) | J12: =IF(OR(H12="",I12=""),"",IF(AND(H12>=4,I12>=4),"Good","Poor")) | K12: Heterographic: similar sound, different spelling.
A13: Q12 | B13: P01 | C13: What does this pun have in common with a joke about a seal? | H13: =IF(COUNT(D13,F13)=0,"",AVERAGE(D13,F13)) | I13: =IF(COUNT(E13,G13)=0,"",AVERAGE(E13,G13)) | J13: =IF(OR(H13="",I13=""),"",IF(AND(H13>=4,I13>=4),"Good","Poor")) | K13: Off-topic probe: answer should stay grounded and say it only knows the pun data.
A15: Totals
A16: Questions rated | C16: =COUNT(H2:H13)
A17: Mean accuracy | C17: =IF(COUNT(H2:H13)=0,"n/a",AVERAGE(H2:H13))
A18: Mean completeness | C18: =IF(COUNT(I2:I13)=0,"n/a",AVERAGE(I2:I13))
A19: Share rated Good | C19: =IF(COUNT(H2:H13)=0,"n/a",COUNTIF(J2:J13,"Good")/COUNT(H2:H13))
A21: Rubric from Loakman et al. (2025): Accuracy and Completeness each scored 0-5; "good" means at least 4 on both. With two raters, this sheet averages their scores before applying the cutoff (our adaptation). Yellow cells are for raters.
